{"train/clip_fraction":0.11867676,"global_step":1507328,"train/entropy_loss":-7.3758287,"train/learning_rate":6.196498e-05,"_runtime":2948,"train/approx_kl":0.010218636,"rollout/ep_rew_mean":1600.0398,"train/value_loss":0.009437448,"_wandb":{"runtime":2948},"_step":2381,"train/explained_variance":0.8180703,"rollout/ep_len_mean":1291.8,"train/clip_range":0.2,"train/std":1.539351,"_timestamp":1.7632899195133252e+09,"train/policy_gradient_loss":-0.0022511468,"time/fps":513,"train/loss":-0.092423946}