{"_step":1185,"rollout/ep_rew_mean":1253.232,"global_step":1507328,"time/fps":518,"rollout/ep_len_mean":1245.99,"train/value_loss":0.0003198088,"train/clip_fraction":0.050494384,"_runtime":2925,"_wandb":{"runtime":2925},"train/loss":-0.019130912,"train/policy_gradient_loss":-0.004139232,"train/explained_variance":0.9956691,"train/entropy_loss":-4.818396,"train/std":0.8205846,"train/approx_kl":0.011828902,"_timestamp":1.7633230870247307e+09,"train/clip_range":0.3,"train/learning_rate":2.3799337e-05}