{"train/clip_fraction":0.2696289,"_wandb":{"runtime":2207},"train/value_loss":0.024439024,"train/clip_range":0.3,"rollout/ep_len_mean":1393.72,"train/loss":-0.022595264,"rollout/ep_rew_mean":1221.3107,"train/std":0.74353904,"_runtime":2207,"train/learning_rate":0.0002401409,"train/approx_kl":0.05791519,"time/fps":687,"train/explained_variance":0.7706914,"train/entropy_loss":-4.3694487,"train/policy_gradient_loss":0.0015761035,"global_step":1507328,"_timestamp":1.763341035452767e+09,"_step":1185}