{"train/clip_range":0.1,"_timestamp":1.7632985695579557e+09,"_wandb":{"runtime":1836},"train/learning_rate":2.4333905e-05,"rollout/ep_rew_mean":280.54294,"train/policy_gradient_loss":-0.0031742253,"_runtime":1836,"train/loss":-0.045321472,"_step":1185,"time/fps":824,"train/value_loss":0.023267265,"rollout/ep_len_mean":1408.13,"train/approx_kl":0.0015111468,"train/clip_fraction":0.061956786,"train/std":0.9824248,"global_step":1507328,"train/entropy_loss":-5.593936,"train/explained_variance":0.7576676}