{"rollout/ep_rew_mean":1730.0819,"train/explained_variance":0.95991695,"time/fps":489,"train/clip_range":0.3,"train/entropy_loss":-5.3676767,"train/value_loss":0.0009845854,"train/policy_gradient_loss":-0.010207183,"_runtime":3089,"train/clip_fraction":0.04140625,"train/approx_kl":0.011367004,"train/learning_rate":1.2750225e-05,"_timestamp":1.7633388210073888e+09,"train/std":0.92924136,"_step":2381,"_wandb":{"runtime":3089},"train/loss":-0.07212163,"global_step":1507328,"rollout/ep_len_mean":1486.55}