{"train/value_loss":0.0025723334,"time/fps":714,"train/explained_variance":0.8501171,"train/approx_kl":0.006327643,"train/learning_rate":0.0004194383,"train/policy_gradient_loss":-0.0026335437,"_timestamp":1.763325223597842e+09,"_step":2381,"global_step":1507328,"train/loss":-0.08792284,"rollout/ep_rew_mean":1647.8838,"train/std":1.6204829,"train/clip_fraction":0.25969237,"train/entropy_loss":-7.5943446,"train/clip_range":0.1,"_runtime":2116,"_wandb":{"runtime":2116},"rollout/ep_len_mean":1352.22}