{"train/clip_range":0.2,"train/explained_variance":0.85717934,"train/entropy_loss":-4.3164883,"train/value_loss":0.0061230008,"rollout/ep_rew_mean":1473.8564,"time/fps":531,"_timestamp":1.7633112912445405e+09,"_runtime":2847,"train/learning_rate":6.801435e-05,"_wandb":{"runtime":2847},"rollout/ep_len_mean":1228.04,"train/clip_fraction":0.16436768,"train/approx_kl":0.012055286,"train/std":0.71530145,"train/policy_gradient_loss":-0.0020309007,"global_step":1507328,"train/loss":-0.009647615,"_step":2381}