{"train/loss":-0.043400463,"train/clip_range":0.2,"train/value_loss":0.007433356,"_wandb":{"runtime":1717},"train/approx_kl":0.0063809296,"train/std":0.85728896,"train/learning_rate":7.46291e-05,"_timestamp":1.763326950107445e+09,"rollout/ep_rew_mean":1500.9237,"train/entropy_loss":-4.9905562,"train/explained_variance":0.9138248,"train/clip_fraction":0.10444336,"rollout/ep_len_mean":1229.24,"_step":2381,"time/fps":880,"train/policy_gradient_loss":-0.0015782786,"global_step":1507328,"_runtime":1717}