{"rollout/ep_len_mean":284.4,"train/clip_range":0.1,"train/policy_gradient_loss":0.006222398,"train/approx_kl":0.013376515,"train/value_loss":0.024864608,"_runtime":2169,"train/learning_rate":0.0008844924,"_timestamp":1.7633309040236068e+09,"train/explained_variance":0.97678035,"train/entropy_loss":-4.122515,"time/fps":697,"_wandb":{"runtime":2169},"rollout/ep_rew_mean":121.04504,"train/std":0.6910738,"global_step":1507328,"_step":2381,"train/loss":-0.011387597,"train/clip_fraction":0.44263917}