{"train/policy_gradient_loss":-0.0022538851,"train/std":0.60704386,"time/fps":507,"train/learning_rate":3.2200354e-05,"_timestamp":1.7633183678914816e+09,"train/value_loss":0.037772752,"_step":1185,"global_step":1507328,"train/clip_fraction":0.061291505,"train/explained_variance":0.61372304,"rollout/ep_len_mean":1387.77,"_runtime":2990,"train/approx_kl":0.015118722,"rollout/ep_rew_mean":1733.7173,"train/entropy_loss":-3.608711,"train/loss":0.005807765,"train/clip_range":0.3,"_wandb":{"runtime":2990}}