{"_timestamp":1.7632949121507735e+09,"train/approx_kl":0.024938595,"train/loss":-0.0592896,"train/clip_fraction":0.268396,"_runtime":2866,"train/std":0.9647118,"global_step":1507328,"train/policy_gradient_loss":0.00022924283,"train/learning_rate":0.00036885007,"time/fps":529,"rollout/ep_rew_mean":1108.4095,"_wandb":{"runtime":2866},"_step":1185,"rollout/ep_len_mean":1026.48,"train/clip_range":0.2,"train/entropy_loss":-5.398503,"train/value_loss":0.0007561637,"train/explained_variance":0.9744503}