{"train/loss":-0.017414857,"_runtime":1743,"train/clip_range":0.3,"train/entropy_loss":-2.9455419,"train/learning_rate":8.003494e-05,"rollout/ep_rew_mean":1073.7112,"global_step":1507328,"train/value_loss":0.0020615882,"time/fps":868,"_wandb":{"runtime":1743},"train/std":0.51745254,"train/approx_kl":0.0140831545,"train/clip_fraction":0.06420288,"_step":1185,"_timestamp":1.7633326544027224e+09,"rollout/ep_len_mean":1207.81,"train/explained_variance":0.98655784,"train/policy_gradient_loss":-0.007780589}