{"train/loss":-0.011284987,"train/clip_range":0.2,"global_step":1507328,"train/entropy_loss":-3.9967828,"_timestamp":1.7633130734393103e+09,"train/approx_kl":0.007984059,"rollout/ep_rew_mean":273.8022,"_runtime":1776,"_wandb":{"runtime":1776},"train/learning_rate":0.00010234082,"train/policy_gradient_loss":-0.006179442,"train/value_loss":0.01295649,"train/clip_fraction":0.080508426,"time/fps":854,"train/explained_variance":0.98002094,"_step":587,"train/std":0.67334443,"rollout/ep_len_mean":710}