{"_timestamp":1.7633015433896523e+09,"rollout/ep_len_mean":1045.92,"time/fps":510,"train/clip_range":0.1,"train/policy_gradient_loss":-0.005486488,"train/std":0.87816226,"train/learning_rate":1.9800205e-05,"train/explained_variance":0.89921075,"train/loss":-0.0072485637,"train/clip_fraction":0.100823976,"train/entropy_loss":-5.1386347,"global_step":1507328,"_runtime":2995,"rollout/ep_rew_mean":183.93005,"train/approx_kl":0.0020800054,"train/value_loss":0.02283533,"_wandb":{"runtime":2995},"_step":587}