{"train/loss":0.040602606,"train/entropy_loss":-1.5023999,"train/clip_fraction":0.21682128,"train/learning_rate":0.0001640125,"_runtime":2868,"train/value_loss":0.0010739645,"_step":1185,"train/clip_range":0.3,"train/approx_kl":0.045278408,"rollout/ep_rew_mean":1626.4756,"global_step":1507328,"rollout/ep_len_mean":1377.33,"time/fps":529,"train/explained_variance":0.9762329,"_timestamp":1.7633062905760884e+09,"train/policy_gradient_loss":-0.013352643,"_wandb":{"runtime":2868},"train/std":0.35790014}