{"train/learning_rate":2.3317933e-05,"global_step":1507328,"train/clip_range":0.2,"time/fps":709,"_timestamp":1.7633084414089046e+09,"rollout/ep_len_mean":1500,"train/approx_kl":0.0047474643,"train/std":0.78054464,"train/value_loss":0.004155406,"train/clip_fraction":0.027404785,"train/explained_variance":0.93663573,"_wandb":{"runtime":2131},"_step":2381,"_runtime":2131,"train/policy_gradient_loss":-0.0038998127,"train/loss":-0.0078890985,"rollout/ep_rew_mean":1309.3733,"train/entropy_loss":-4.656887}