{"train/policy_gradient_loss":0.003222816,"train/learning_rate":0.0005265734,"rollout/ep_rew_mean":1297.7914,"train/value_loss":0.0005480626,"train/clip_range":0.3,"global_step":1507328,"train/std":0.26626197,"_step":1185,"train/loss":0.00315499,"train/approx_kl":0.047205243,"train/entropy_loss":-0.29195037,"train/explained_variance":0.97773206,"rollout/ep_len_mean":1120.57,"_timestamp":1.7632869679601815e+09,"time/fps":873,"_wandb":{"runtime":1733},"_runtime":1733,"train/clip_fraction":0.24905396}