{"global_step":1507328,"time/fps":856,"_timestamp":1.763328722728957e+09,"_wandb":{"runtime":1772},"train/clip_fraction":0.159964,"train/entropy_loss":-2.5204465,"train/clip_range":0.3,"train/loss":0.0014922039,"rollout/ep_rew_mean":41.4515,"train/value_loss":0.005603236,"train/explained_variance":0.9830996,"train/approx_kl":0.03060323,"rollout/ep_len_mean":334.85,"_step":587,"_runtime":1772,"train/learning_rate":0.00029416237,"train/policy_gradient_loss":-0.0012345031,"train/std":0.47836864}