{"train/value_loss":0.06052247,"train/policy_gradient_loss":-0.0040819794,"_timestamp":1.7632812818753395e+09,"rollout/ep_rew_mean":1677.4886,"_runtime":1809,"train/clip_fraction":0.095861815,"train/std":0.70456254,"rollout/ep_len_mean":1373.56,"train/entropy_loss":-4.212373,"global_step":1507328,"train/approx_kl":0.019555287,"_step":1185,"train/learning_rate":4.5253983e-05,"train/clip_range":0.3,"_wandb":{"runtime":1809},"train/loss":0.034062944,"time/fps":836,"train/explained_variance":0.3815242}