{"rollout/ep_rew_mean":1538.9381,"_timestamp":1.763320169083898e+09,"_runtime":1780,"rollout/ep_len_mean":1235.82,"time/fps":849,"train/std":0.39916718,"train/approx_kl":0.030708034,"train/value_loss":0.0072035096,"_wandb":{"runtime":1780},"_step":2381,"train/loss":0.004672057,"train/policy_gradient_loss":0.00071448757,"global_step":1507328,"train/learning_rate":0.00046572968,"train/clip_range":0.2,"train/clip_fraction":0.35355225,"train/entropy_loss":-1.9386933,"train/explained_variance":0.8467931}