{"train/approx_kl":0.0011935856,"train/learning_rate":1.3726446e-05,"_runtime":1847,"time/fps":818,"train/explained_variance":0.94055027,"train/entropy_loss":-5.498206,"train/loss":-0.007774476,"train/std":0.9563432,"train/clip_range":0.1,"_timestamp":1.7633034298753097e+09,"rollout/ep_len_mean":637.59,"train/value_loss":0.025359305,"train/clip_fraction":0.02755127,"rollout/ep_rew_mean":-75.495316,"_step":2381,"train/policy_gradient_loss":-0.0031385778,"_wandb":{"runtime":1847},"global_step":1507328}