{"train/policy_gradient_loss":-0.0016477531,"train/approx_kl":0.015958274,"_runtime":3067,"train/clip_fraction":0.43865967,"_timestamp":1.7633357233634844e+09,"_wandb":{"runtime":3067},"train/learning_rate":0.0006545362,"train/std":1.3066559,"time/fps":493,"train/explained_variance":0.99103314,"_step":2381,"rollout/ep_rew_mean":1495.3754,"global_step":1507328,"rollout/ep_len_mean":1321.19,"train/loss":-0.091018476,"train/value_loss":0.0043211263,"train/clip_range":0.1,"train/entropy_loss":-6.6505394}