{"train/policy_gradient_loss":0.0001796545,"train/loss":-0.010627449,"train/value_loss":0.0006730624,"train/clip_fraction":0.17484741,"train/std":0.65679073,"global_step":1507328,"train/explained_variance":0.9853286,"rollout/ep_rew_mean":1150.4048,"time/fps":713,"rollout/ep_len_mean":978.5,"train/entropy_loss":-3.8955297,"train/learning_rate":9.04788e-05,"_wandb":{"runtime":2125},"_timestamp":1.7632834102722661e+09,"train/approx_kl":0.003621288,"train/clip_range":0.1,"_runtime":2125,"_step":1185}