{"train/loss":-0.06284236,"time/fps":843,"train/policy_gradient_loss":-0.00079869624,"_runtime":1795,"train/explained_variance":0.7715877,"_step":1185,"train/learning_rate":0.00012889132,"global_step":1507328,"_timestamp":1.7632967263782678e+09,"rollout/ep_rew_mean":1609.9684,"train/approx_kl":0.017214367,"rollout/ep_len_mean":1449.9,"train/std":0.93902916,"train/clip_range":0.2,"_wandb":{"runtime":1795},"train/value_loss":0.012790785,"train/entropy_loss":-5.2745633,"train/clip_fraction":0.20773926}