{"train/learning_rate":4.7140216e-05,"train/explained_variance":0.9853605,"train/clip_fraction":0.041693114,"_timestamp":1.7632794657305837e+09,"_runtime":1757,"train/std":0.6676342,"_step":1185,"_wandb":{"runtime":1757},"rollout/ep_len_mean":615.5,"train/value_loss":0.0057426663,"time/fps":861,"train/policy_gradient_loss":-0.008610423,"train/loss":-0.017304843,"train/approx_kl":0.012907369,"train/clip_range":0.3,"global_step":1507328,"train/entropy_loss":-3.9868932,"rollout/ep_rew_mean":349.2917}