{"train/clip_fraction":0.057891846,"train/learning_rate":2.2506423e-05,"train/approx_kl":0.0014427667,"train/policy_gradient_loss":-0.003034216,"_step":1185,"_timestamp":1.7633153779861887e+09,"global_step":1507328,"_wandb":{"runtime":2298},"_runtime":2298,"train/loss":-0.055789817,"train/clip_range":0.1,"rollout/ep_rew_mean":741.6661,"train/value_loss":0.0054935114,"train/explained_variance":0.9089073,"train/std":0.9637301,"rollout/ep_len_mean":1500,"time/fps":659,"train/entropy_loss":-5.5049477}