{"train/value_loss":0.0035624106,"train/clip_fraction":0.04345703,"train/learning_rate":3.627208e-05,"train/entropy_loss":-3.9533558,"_timestamp":1.7632920389357073e+09,"global_step":1507328,"train/policy_gradient_loss":-0.010830588,"train/explained_variance":0.9342253,"time/fps":717,"train/clip_range":0.3,"train/approx_kl":0.013000169,"rollout/ep_len_mean":1500,"rollout/ep_rew_mean":1371.5765,"_step":587,"train/std":0.664368,"_wandb":{"runtime":2120},"_runtime":2120,"train/loss":-0.025086533}