{"train/entropy_loss":-4.962302,"train/std":0.85350335,"train/value_loss":0.00037931607,"rollout/ep_len_mean":1346.54,"global_step":1507328,"rollout/ep_rew_mean":1595.2388,"time/fps":858,"train/clip_range":0.2,"train/approx_kl":0.014092049,"_step":2381,"train/clip_fraction":0.20584717,"_runtime":1761,"_timestamp":1.7633428111613748e+09,"train/learning_rate":0.00015737872,"train/loss":-0.07227041,"train/policy_gradient_loss":-0.013694145,"_wandb":{"runtime":1761},"train/explained_variance":0.99117196}