{"_runtime":1806,"_step":1185,"rollout/ep_len_mean":939.1,"_timestamp":1.7632852268668346e+09,"time/fps":838,"train/explained_variance":0.9759797,"train/clip_fraction":0.11886597,"_wandb":{"runtime":1806},"train/value_loss":0.0007308157,"train/loss":-0.05771694,"rollout/ep_rew_mean":1097.1969,"train/std":0.85468817,"train/policy_gradient_loss":-0.0020937584,"train/clip_range":0.2,"train/entropy_loss":-4.8895307,"train/learning_rate":8.423712e-05,"global_step":1507328,"train/approx_kl":0.008807464}