{"global_step":1507328,"_timestamp":1.7632776978657475e+09,"train/std":1.2853634,"rollout/ep_rew_mean":1675.23,"_step":2381,"_runtime":2881,"train/entropy_loss":-6.631558,"train/approx_kl":0.0028105334,"time/fps":525,"train/clip_fraction":0.13067627,"train/value_loss":0.0073901997,"train/loss":-0.064380854,"train/learning_rate":6.807687e-05,"train/clip_range":0.1,"_wandb":{"runtime":2881},"train/explained_variance":0.8568154,"train/policy_gradient_loss":-0.0017941742,"rollout/ep_len_mean":1370.16}